{
    "BICLong": [
        1798.0838237014225,
        2.193821563075795
    ],
    "BICShort": [
        1084.2445456919577,
        2.1535523272984465
    ],
    "BRA": [
        4027.707765091187,
        2.583873157816722
    ],
    "BRD": [
        943.9940074432468,
        1.7660158330872855
    ]
}